{
    "car": [4.40884025, 1.92626911, 1.62690685],
		"bus": [9.82536489, 2.82964765, 3.1591062],
		"truck": [7.82072277, 2.68325016, 3.0069292],
		"motorbike": [1.79064134, 0.73370581, 1.42926296],
		"bicycle": [1.61961684, 0.56854018, 1.15337486],
		"person": [0.58813957, 0.61661438, 1.60757416],
		"child": [0.49034857,  0.47224924, 1.13403003],
		"barrier": [1.47363736, 1.04649108, 0.86143351],
		"trafficcone": [0.40216383, 0.39315305, 0.71537911]
}
